model,t1,t2,t3,t4,t5,t6,t7,t8
dyffusion_lcb,0.18954,0.098973,0.056737,0.026664,0.010683,0.0057,0.002141,0.000195
dyffusion_l1,0.098247,0.020488,0.007073,0.002692,0.001974,0.001286,0.000923,0.000232
conv_lstm_lcb,0.119986,0.045686,0.020388,0.012271,0.008481,0.006303,0.00493,0.004102
conv_lstm_l1,0.091571,0.042717,0.022407,0.011667,0.0059,0.004149,0.002892,0.001661