model,t1,t2,t3,t4,t5,t6,t7,t8
dyffusion_lcb,0.300352,0.174982,0.116685,0.081652,0.055482,0.037449,0.025834,0.00827
dyffusion_l1,0.250203,0.089917,0.049971,0.027504,0.017135,0.012819,0.010001,0.005476
conv_lstm_lcb,0.196756,0.085387,0.047304,0.030812,0.021354,0.016173,0.013719,0.011601
conv_lstm_l1,0.156275,0.07614,0.040871,0.022211,0.011572,0.007401,0.005141,0.002963