model,t1,t2,t3,t4,t5,t6,t7,t8
dyffusion_lcb,0.072306,0.110974,0.133493,0.149635,0.163683,0.171548,0.177681,0.179942
dyffusion_l1,0.129959,0.244934,0.304729,0.348849,0.373035,0.386031,0.39239,0.403022
conv_lstm_lcb,0.112798,0.179003,0.228452,0.269984,0.306517,0.33639,0.362645,0.381964
conv_lstm_l1,0.314385,0.371281,0.391796,0.398679,0.402507,0.406238,0.410651,0.411876