model,t1,t2,t3,t4,t5,t6,t7,t8
dyffusion_lcb,0.51972,0.385176,0.31553,0.263433,0.223108,0.195474,0.167069,0.132505
dyffusion_l1,0.509026,0.33503,0.259788,0.199946,0.15968,0.133388,0.114014,0.095876
conv_lstm_lcb,0.409545,0.256894,0.177189,0.132172,0.101844,0.088881,0.079038,0.070007
conv_lstm_l1,0.184184,0.080617,0.048062,0.031912,0.020346,0.014565,0.01077,0.007056