,MSE,crps,csi10,csi18,csi2,lpips,raw_crps,ssr
dyffusion-daftvdwg,0.0016830045033276566,0.013098928392382065,0.11201223512975181,0.06423326430281973,0.27011114601197284,0.1448792868513402,0.3499986150309565,0.13136182361607993
